{
  "dataset": "CIFAR-10",
  "epochs": 15,
  "batch_size": 64,
  "val_batch_size": 128,
  "random_crop": false,
  "random_horizontal_flip": false,
  "normalizing_data": false,
  "arch_file": "models/lenet.py",
  "arch_name": "LeNet5",
  "optim_name": "VIOptimizer",
  "optim_args": {
    "curv_type": "Fisher",
    "curv_shapes": {
      "Conv2d": "Kron",
      "Linear": "Kron"
    },
    "lr": 4e-3,
    "momentum": 0.9,
    "momentum_type": "preconditioned",
    "weight_decay": 0.1,
    "num_mc_samples": 4,
    "val_num_mc_samples": 0,
    "kl_weighting": 0.2,
    "prior_variance": 1
  },
  "curv_args": {
    "damping": 1e-4,
    "ema_decay": 0.333,
    "pi_type": "tracenorm"
  },
  "fisher_args": {
    "approx_type": "mc",
    "num_mc": 1
  },
  "scheduler_name": "ExponentialLR",
  "scheduler_args": {
    "gamma": 0.9
  },
  "no_cuda": false
}
