{
    "dataset": "CIFAR-10",
    "epochs": 61,
    "batch_size": 32,
    "val_batch_size": 1250,
    "random_crop": true,
    "random_horizontal_flip": true,
    "normalizing_data": true,
    "arch_file": "models/alexnet.py",
    "arch_name": "AlexNet",
    "optim_name": "DistributedSecondOrderOptimizer",
    "optim_args": {
        "curv_type": "Fisher",
        "curv_shapes": {
            "Conv2d": "Kron",
            "Linear": "Kron",
            "BatchNorm1d": "Diag",
            "BatchNorm2d": "Diag"
        },
        "lr": 1e-2,
        "l2_reg": 1e-3,
        "momentum": 0.9,
        "momentum_type": "raw"
    },
    "curv_args": {
        "damping": 1e-3,
        "ema_decay": 0.999,
        "pi_type": "tracenorm"
    },
    "fisher_args": {
        "approx_type": "mc",
        "num_mc": 1
    },
    "scheduler_name": "MultiStepLR",
    "scheduler_args": {
        "milestones": [30, 50],
        "gamma": 0.1
    }
}