{
    "dataset": "CIFAR-10",
    "epochs": 161,
    "batch_size": 32,
    "val_batch_size": 128,
    "random_crop": true,
    "random_horizontal_flip": true,
    "normalizing_data": true,
    "arch_file": "models/resnet_b.py",
    "arch_name": "resnet18",
    "arch_args": {
        "zero_init_residual": true,
        "norm_stat_momentum": 0.1
    },
    "optim_name": "Adam",
    "optim_args": {
        "lr": 1e-3,
        "betas": [0.9, 0.999],
        "weight_decay": 5e-4
    },
    "non_wd_for_bn": true,
    "scheduler_name": "MultiStepLR",
    "scheduler_args": {
        "milestones": [80, 120],
        "gamma": 0.1
    }
}