{
  "dataset": "ImageNet",
  "epochs": 90,
  "batch_size": 32,
  "val_batch_size": 32,
  "random_resized_crop": false,
  "random_crop": true,
  "random_horizontal_flip": true,
  "normalizing_data": true,
  "arch_file": "models/resnet_b.py",
  "arch_name": "resnet18",
  "arch_args": {
    "zero_init_residual": true,
    "norm_stat_momentum": 0.1
  },
  "optim_name": "DistributedVIOptimizer",
  "optim_args": {
    "curv_type": "Cov",
    "curv_shapes": {
      "Conv2d": "Diag",
      "Linear": "Diag",
      "BatchNorm1d": "Diag",
      "BatchNorm2d": "Diag"
    },
    "lr": 1.6e-2,
    "grad_ema_decay": 0.1,
    "grad_ema_type": "raw",
    "bias_correction": true,
    "non_reg_for_bn": true,
    "num_mc_samples": 1,
    "val_num_mc_samples": 10,
    "kl_weighting": 1,
    "prior_variance": 7.5e-4,
    "weight_decay": 0,
    "lars": false
  },
  "curv_args": {
    "damping": 1e-4,
    "ema_decay": 1e-3
  },
  "momentum_correction": true,
  "scheduler_name": "MultiStepLR",
  "scheduler_args": {
    "milestones": [30, 60, 80],
    "gamma": 0.1
  },
  "warmup_epochs": 5,
  "warmup_scheduler_name": "GradualWarmupIterLR",
  "warmup_scheduler_args": {
    "initial_lr": 1.25e-4,
    "max_count": 1565
  },
  "num_mc_groups": 4
}
