{
    "dataset": "CIFAR-100",
    "epochs": 161,
    "batch_size": 32,
    "val_batch_size": 128,
    "random_crop": true,
    "random_horizontal_flip": true,
    "normalizing_data": true,
    "arch_file": "models/alexnet.py",
    "arch_name": "AlexNet",
    "optim_name": "Adam",
    "optim_args": {
        "lr": 0.001,
        "betas": [0.9, 0.999],
        "weight_decay": 1e-2
    },
    "scheduler_name": "MultiStepLR",
    "scheduler_args": {
        "milestones": [80, 120],
        "gamma": 0.1
    }
}